video_url,fingerprint,performance,status
https://fgimagestorage.blob.core.windows.net/facebook-assets/hd-999607261342550,5a0d99f8d4f355988314043031d4f3cc,1.106,Processed
https://fgimagestorage.blob.core.windows.net/facebook-assets/hd-997580728807604,f803ea5080b3d28de387ed37a9505336,2.2447,Processed
https://fgimagestorage.blob.core.windows.net/facebook-assets/hd-992418235673669,1bba9a7eab96608bb515f2de8bd3594d,2.0126,Processed
https://fgimagestorage.blob.core.windows.net/facebook-assets/hd-992064161877405,8ce17d68c33f22c2dc0802457086914c,1.7708,Processed
https://fgimagestorage.blob.core.windows.net/facebook-assets/hd-991636695150147,5a0d99f8d4f355988314043031d4f3cc,0.6293,Processed
https://fgimagestorage.blob.core.windows.net/facebook-assets/hd-989969399547901,892c0fcb6964d907b1ec5dd9ed94ef69,0.3461,Processed
https://fgimagestorage.blob.core.windows.net/facebook-assets/hd-989930303148492,5e142a638d8175e9d4ed0000296b7cd7,2.2595,Processed
https://fgimagestorage.blob.core.windows.net/facebook-assets/hd-989654009083459,31f742f2a52cc5323475fe2ffd83c52e,1.1227,Processed
https://fgimagestorage.blob.core.windows.net/facebook-assets/hd-989600295478567,5a0d99f8d4f355988314043031d4f3cc,1.6355,Processed
https://fgimagestorage.blob.core.windows.net/facebook-assets/hd-989284361966196,5a0d99f8d4f355988314043031d4f3cc,0.6434,Processed
https://fgimagestorage.blob.core.windows.net/facebook-assets/hd-988185795921355,5a0d99f8d4f355988314043031d4f3cc,1.974,Processed
https://fgimagestorage.blob.core.windows.net/facebook-assets/hd-987643572956494,6d13b68dabd2ce2bfb88c0f80c83f0cd,1.5009,Processed
https://fgimagestorage.blob.core.windows.net/facebook-assets/hd-987287402378278,1fdf6d3a68b57663d6941a6673519738,1.4025,Processed
https://fgimagestorage.blob.core.windows.net/facebook-assets/hd-987232088920289,5a0d99f8d4f355988314043031d4f3cc,0.333,Processed
https://fgimagestorage.blob.core.windows.net/facebook-assets/hd-986360206629277,7fbfdcfc55a7379d76cc1e095441c4c5,1.8499,Processed
https://fgimagestorage.blob.core.windows.net/facebook-assets/hd-983335896508749,882f6b6a187e9d20eed2d5c2aa89f24d,2.263,Processed
https://fgimagestorage.blob.core.windows.net/facebook-assets/hd-978448136455993,5a0d99f8d4f355988314043031d4f3cc,0.4711,Processed
https://fgimagestorage.blob.core.windows.net/facebook-assets/hd-977008307250628,5a0d99f8d4f355988314043031d4f3cc,1.8942,Processed
https://fgimagestorage.blob.core.windows.net/facebook-assets/hd-975523146942238,34761e6fbf9343a5c6d245832af33b52,0.429,Processed
https://fgimagestorage.blob.core.windows.net/facebook-assets/hd-967731231014052,5a0d99f8d4f355988314043031d4f3cc,1.5853,Processed
https://fgimagestorage.blob.core.windows.net/facebook-assets/hd-966715248087290,5a0d99f8d4f355988314043031d4f3cc,1.5842,Processed
https://fgimagestorage.blob.core.windows.net/facebook-assets/hd-966458824582483,5a0d99f8d4f355988314043031d4f3cc,2.0997,Processed
https://fgimagestorage.blob.core.windows.net/facebook-assets/hd-966019214364727,5a0d99f8d4f355988314043031d4f3cc,1.8586,Processed
https://fgimagestorage.blob.core.windows.net/facebook-assets/hd-965108935263649,c3ec32e0b637c0dcbbfc26ad3b77a113,0.5496,Processed
https://fgimagestorage.blob.core.windows.net/facebook-assets/hd-964733417506862,8f389d8147c6c2eb36473d11f5b8071e,0.3276,Processed
https://fgimagestorage.blob.core.windows.net/facebook-assets/hd-963303392509872,24c8aa685826947e2c5701298a75a202,0.3814,Processed
https://fgimagestorage.blob.core.windows.net/facebook-assets/hd-960884234555681,5eda464baf5e0a50d2eaa99bb8eb3bb5,0.3103,Processed
https://fgimagestorage.blob.core.windows.net/facebook-assets/hd-958774641659407,1962a43bf9e3bb7562886fbaa75d61e1,1.393,Processed
https://fgimagestorage.blob.core.windows.net/facebook-assets/hd-958675741960412,5a0d99f8d4f355988314043031d4f3cc,1.3293,Processed
https://fgimagestorage.blob.core.windows.net/facebook-assets/hd-958267042213267,5a0d99f8d4f355988314043031d4f3cc,1.5975,Processed
https://fgimagestorage.blob.core.windows.net/facebook-assets/hd-954832972830686,519dacedf1f6e842950d8a5ed3311b15,0.6777,Processed
https://fgimagestorage.blob.core.windows.net/facebook-assets/hd-954440782897187,563f8a5156ca68e50e8d1310a5a9a079,0.6267,Processed
https://fgimagestorage.blob.core.windows.net/facebook-assets/hd-951885082053340,12dd826581f9e7852945e80a2f1f3a48,1.1695,Processed
https://fgimagestorage.blob.core.windows.net/facebook-assets/hd-951491629353387,5a0d99f8d4f355988314043031d4f3cc,0.2189,Processed
https://fgimagestorage.blob.core.windows.net/facebook-assets/hd-946181943065342,5a0d99f8d4f355988314043031d4f3cc,0.924,Processed
https://fgimagestorage.blob.core.windows.net/facebook-assets/hd-944981830978756,56fb2e4af003a7e30d2f163d2d0554f7,2.1427,Processed
https://fgimagestorage.blob.core.windows.net/facebook-assets/hd-944755280756437,5a0d99f8d4f355988314043031d4f3cc,0.625,Processed
https://fgimagestorage.blob.core.windows.net/facebook-assets/hd-944160410298140,5a0d99f8d4f355988314043031d4f3cc,2.0133,Processed
https://fgimagestorage.blob.core.windows.net/facebook-assets/hd-942779243913664,2c4fb121c5cf8f0afc8a52c7d7a23981,1.4262,Processed
https://fgimagestorage.blob.core.windows.net/facebook-assets/hd-942524046763053,5a0d99f8d4f355988314043031d4f3cc,1.9896,Processed
https://fgimagestorage.blob.core.windows.net/facebook-assets/hd-940634710428411,5a0d99f8d4f355988314043031d4f3cc,1.4343,Processed
https://fgimagestorage.blob.core.windows.net/facebook-assets/hd-939795907980426,21f853c63f0088987c4ee82b24ff96f2,0.743,Processed
https://fgimagestorage.blob.core.windows.net/facebook-assets/hd-938232524809973,795acd7e2604b1fad999d5249b86f0b1,0.7173,Processed
https://fgimagestorage.blob.core.windows.net/facebook-assets/hd-937508703912579,5a0d99f8d4f355988314043031d4f3cc,0.6871,Processed
https://fgimagestorage.blob.core.windows.net/facebook-assets/hd-937410954343974,8ce17d68c33f22c2dc0802457086914c,0.2011,Processed
https://fgimagestorage.blob.core.windows.net/facebook-assets/hd-935558767885747,5a0d99f8d4f355988314043031d4f3cc,0.9191,Processed
https://fgimagestorage.blob.core.windows.net/facebook-assets/hd-935530867630269,5a0d99f8d4f355988314043031d4f3cc,1.6515,Processed
https://fgimagestorage.blob.core.windows.net/facebook-assets/hd-935168780798574,5a0d99f8d4f355988314043031d4f3cc,2.0666,Processed
https://fgimagestorage.blob.core.windows.net/facebook-assets/hd-933913194646448,8ce17d68c33f22c2dc0802457086914c,1.2673,Processed
https://fgimagestorage.blob.core.windows.net/facebook-assets/hd-933773150951550,8ce17d68c33f22c2dc0802457086914c,0.7001,Processed
https://fgimagestorage.blob.core.windows.net/facebook-assets/hd-932703258597949,ff60c55fb32cf68652aae2d67bc37141,0.5158,Processed
https://fgimagestorage.blob.core.windows.net/facebook-assets/hd-932296771464171,34761e6fbf9343a5c6d245832af33b52,2.2497,Processed
https://fgimagestorage.blob.core.windows.net/facebook-assets/hd-932085787962122,5a0d99f8d4f355988314043031d4f3cc,2.2362,Processed
https://fgimagestorage.blob.core.windows.net/facebook-assets/hd-932038864470963,5a0d99f8d4f355988314043031d4f3cc,2.0555,Processed
https://fgimagestorage.blob.core.windows.net/facebook-assets/hd-930116227971248,8ce17d68c33f22c2dc0802457086914c,2.2847,Processed
https://fgimagestorage.blob.core.windows.net/facebook-assets/hd-929830031529018,5a0d99f8d4f355988314043031d4f3cc,1.8266,Processed
https://fgimagestorage.blob.core.windows.net/facebook-assets/hd-929511878466995,ccda2bfb9a9e66ed0e332cb2dab7bca7,0.9358,Processed
https://fgimagestorage.blob.core.windows.net/facebook-assets/hd-929300948587514,bc15ec148cf260426334328949b359ef,1.3256,Processed
https://fgimagestorage.blob.core.windows.net/facebook-assets/hd-925596815118953,5a0d99f8d4f355988314043031d4f3cc,0.3247,Processed
https://fgimagestorage.blob.core.windows.net/facebook-assets/hd-925260332281638,16df5c39874ec36e8d8e30b53004bf72,0.4572,Processed
https://fgimagestorage.blob.core.windows.net/facebook-assets/hd-924865635226814,3fca944ed7695fdb48ec9fccd3338b93,1.9042,Processed
https://fgimagestorage.blob.core.windows.net/facebook-assets/hd-924585008982148,5a0d99f8d4f355988314043031d4f3cc,1.8667,Processed
https://fgimagestorage.blob.core.windows.net/facebook-assets/hd-621652523105267,34761e6fbf9343a5c6d245832af33b52,1.7492,Processed
https://fgimagestorage.blob.core.windows.net/facebook-assets/hd-621266003076530,8ce17d68c33f22c2dc0802457086914c,0.2689,Processed
https://fgimagestorage.blob.core.windows.net/facebook-assets/hd-620702145697389,b2c91a43f396415c36b2b8c96c47ef2f,1.2383,Processed
https://fgimagestorage.blob.core.windows.net/facebook-assets/hd-620154813059921,8ce17d68c33f22c2dc0802457086914c,1.2875,Processed
https://fgimagestorage.blob.core.windows.net/facebook-assets/hd-618555366744628,1962a43bf9e3bb7562886fbaa75d61e1,0.9139,Processed
https://fgimagestorage.blob.core.windows.net/facebook-assets/hd-6174004652651971,5a0d99f8d4f355988314043031d4f3cc,1.8351,Processed
https://fgimagestorage.blob.core.windows.net/facebook-assets/hd-617288786873081,3fca944ed7695fdb48ec9fccd3338b93,0.7379,Processed
https://fgimagestorage.blob.core.windows.net/facebook-assets/hd-6172742522782221,8ce17d68c33f22c2dc0802457086914c,0.3688,Processed
https://fgimagestorage.blob.core.windows.net/facebook-assets/hd-613417017284998,5a0d99f8d4f355988314043031d4f3cc,1.2673,Processed
https://fgimagestorage.blob.core.windows.net/facebook-assets/hd-613197413789434,69b0105e699b0cc847f7fe93e2a151ce,0.6284,Processed
https://fgimagestorage.blob.core.windows.net/facebook-assets/hd-613152173490344,1962a43bf9e3bb7562886fbaa75d61e1,1.541,Processed
https://fgimagestorage.blob.core.windows.net/facebook-assets/hd-612555930635832,5a0d99f8d4f355988314043031d4f3cc,1.1942,Processed
https://fgimagestorage.blob.core.windows.net/facebook-assets/hd-612426467555072,1962a43bf9e3bb7562886fbaa75d61e1,0.5582,Processed
https://fgimagestorage.blob.core.windows.net/facebook-assets/hd-611188517518682,3fca944ed7695fdb48ec9fccd3338b93,0.2946,Processed
https://fgimagestorage.blob.core.windows.net/facebook-assets/hd-6107397609317402,5a0d99f8d4f355988314043031d4f3cc,2.1881,Processed
https://fgimagestorage.blob.core.windows.net/facebook-assets/hd-6096104653784047,1962a43bf9e3bb7562886fbaa75d61e1,1.7413,Processed
https://fgimagestorage.blob.core.windows.net/facebook-assets/hd-606237444463640,1962a43bf9e3bb7562886fbaa75d61e1,1.1599,Processed
https://fgimagestorage.blob.core.windows.net/facebook-assets/hd-605272664726548,8ce17d68c33f22c2dc0802457086914c,1.4393,Processed
https://fgimagestorage.blob.core.windows.net/facebook-assets/hd-6046690562050296,8ce17d68c33f22c2dc0802457086914c,0.2606,Processed
https://fgimagestorage.blob.core.windows.net/facebook-assets/hd-604285914607200,cbe23b386bc15159230641213768076b,1.2,Processed
https://fgimagestorage.blob.core.windows.net/facebook-assets/hd-604041931565137,a462a75e344a546880c27832e8924146,1.5304,Processed
https://fgimagestorage.blob.core.windows.net/facebook-assets/hd-603099807587246,f30768bfc2f0dba17d41f30a7f36b65f,0.4917,Processed
https://fgimagestorage.blob.core.windows.net/facebook-assets/hd-911926190614858,359b1f5278e201674b3df2efad0d6cae,0.2123,Processed
https://fgimagestorage.blob.core.windows.net/facebook-assets/hd-911482386703699,5a0d99f8d4f355988314043031d4f3cc,1.887,Processed
https://fgimagestorage.blob.core.windows.net/facebook-assets/hd-911172609864769,8ce17d68c33f22c2dc0802457086914c,1.9529,Processed
https://fgimagestorage.blob.core.windows.net/facebook-assets/hd-910958533691058,1962a43bf9e3bb7562886fbaa75d61e1,0.8536,Processed
https://fgimagestorage.blob.core.windows.net/facebook-assets/hd-909937876815529,5a0d99f8d4f355988314043031d4f3cc,0.8701,Processed
https://fgimagestorage.blob.core.windows.net/facebook-assets/hd-909110383822260,16df5c39874ec36e8d8e30b53004bf72,1.517,Processed
https://fgimagestorage.blob.core.windows.net/facebook-assets/hd-909067460285978,5a0d99f8d4f355988314043031d4f3cc,0.3052,Processed
https://fgimagestorage.blob.core.windows.net/facebook-assets/hd-907416560296782,1962a43bf9e3bb7562886fbaa75d61e1,0.5691,Processed
https://fgimagestorage.blob.core.windows.net/facebook-assets/hd-906909830682725,5a0d99f8d4f355988314043031d4f3cc,0.9162,Processed
https://fgimagestorage.blob.core.windows.net/facebook-assets/hd-906506897404894,941f52215001a09b8bba1ed055d1d992,0.5857,Processed
https://fgimagestorage.blob.core.windows.net/facebook-assets/hd-905844110841635,5a0d99f8d4f355988314043031d4f3cc,0.9664,Processed
https://fgimagestorage.blob.core.windows.net/facebook-assets/hd-905739711170399,d216a081613dae282e5e2148704b41a4,0.239,Processed
https://fgimagestorage.blob.core.windows.net/facebook-assets/hd-905545323817883,5a0d99f8d4f355988314043031d4f3cc,2.1973,Processed
https://fgimagestorage.blob.core.windows.net/facebook-assets/hd-904815481005158,9bd52f548cb109fdf75dc0c260f802b6,2.2575,Processed
https://fgimagestorage.blob.core.windows.net/facebook-assets/hd-904480964010630,34761e6fbf9343a5c6d245832af33b52,2.2526,Processed
https://fgimagestorage.blob.core.windows.net/facebook-assets/hd-904174908300812,24c8aa685826947e2c5701298a75a202,0.2472,Processed
https://fgimagestorage.blob.core.windows.net/facebook-assets/hd-903960640750545,3fca944ed7695fdb48ec9fccd3338b93,0.7601,Processed
https://fgimagestorage.blob.core.windows.net/facebook-assets/hd-903913985069116,8271cfb41e4dcab6acf724f153ab4567,0.826,Processed
https://fgimagestorage.blob.core.windows.net/facebook-assets/hd-903060767715541,8ce17d68c33f22c2dc0802457086914c,0.3204,Processed
https://fgimagestorage.blob.core.windows.net/facebook-assets/hd-902843234362370,5a0d99f8d4f355988314043031d4f3cc,1.2998,Processed
https://fgimagestorage.blob.core.windows.net/facebook-assets/hd-902456848100089,e9114355e0cb9bc127aee5adf81fa9da,1.3935,Processed
https://fgimagestorage.blob.core.windows.net/facebook-assets/hd-902309670925392,5a0d99f8d4f355988314043031d4f3cc,0.8817521551,Processed
https://fgimagestorage.blob.core.windows.net/facebook-assets/hd-9020567984620018,5a0d99f8d4f355988314043031d4f3cc,0.267311074,Processed
https://fgimagestorage.blob.core.windows.net/facebook-assets/hd-901695498551491,abd6c80ab0d7bdcc5dcb086b7a22e5d5,0.3743068003,Processed
https://fgimagestorage.blob.core.windows.net/facebook-assets/hd-901272811190482,34761e6fbf9343a5c6d245832af33b52,0.9245755547,Processed
https://fgimagestorage.blob.core.windows.net/facebook-assets/hd-899987727789409,1962a43bf9e3bb7562886fbaa75d61e1,0.9469183258,Processed
https://fgimagestorage.blob.core.windows.net/facebook-assets/hd-8995485367146316,f803ea5080b3d28de387ed37a9505336,1.278273956,Processed
https://fgimagestorage.blob.core.windows.net/facebook-assets/hd-899155277883965,1962a43bf9e3bb7562886fbaa75d61e1,0.9392801164,Processed
https://fgimagestorage.blob.core.windows.net/facebook-assets/hd-898967424867870,5a0d99f8d4f355988314043031d4f3cc,0.9888059618,Processed
https://fgimagestorage.blob.core.windows.net/facebook-assets/hd-898402801287469,1962a43bf9e3bb7562886fbaa75d61e1,0.3518038478,Processed
https://fgimagestorage.blob.core.windows.net/facebook-assets/hd-898103501380741,5a0d99f8d4f355988314043031d4f3cc,0.77573357,Processed
https://fgimagestorage.blob.core.windows.net/facebook-assets/hd-897680994566577,8ce17d68c33f22c2dc0802457086914c,1.183364424,Processed
https://fgimagestorage.blob.core.windows.net/facebook-assets/hd-897088088160051,5a0d99f8d4f355988314043031d4f3cc,1.378907529,Processed
https://fgimagestorage.blob.core.windows.net/facebook-assets/hd-896843165102015,1962a43bf9e3bb7562886fbaa75d61e1,0.3397933284,Processed
https://fgimagestorage.blob.core.windows.net/facebook-assets/hd-896598988012982,8ce17d68c33f22c2dc0802457086914c,0.8092696005,Processed
https://fgimagestorage.blob.core.windows.net/facebook-assets/hd-896589688256009,5a0d99f8d4f355988314043031d4f3cc,0.5210467168,Processed
https://fgimagestorage.blob.core.windows.net/facebook-assets/hd-895042408159688,5a0d99f8d4f355988314043031d4f3cc,1.310179875,Processed
https://fgimagestorage.blob.core.windows.net/facebook-assets/hd-894559812351386,7c4390a4633ae68f76e3a25ae7b9c909,0.7518917023,Processed
https://fgimagestorage.blob.core.windows.net/facebook-assets/hd-894559522288371,d216a081613dae282e5e2148704b41a4,1.139515045,Processed
https://fgimagestorage.blob.core.windows.net/facebook-assets/hd-894457734962164,5a0d99f8d4f355988314043031d4f3cc,0.4610414809,Processed
https://fgimagestorage.blob.core.windows.net/facebook-assets/hd-894066258497958,5a0d99f8d4f355988314043031d4f3cc,1.110912273,Processed
https://fgimagestorage.blob.core.windows.net/facebook-assets/hd-893539262677484,ded577071b4a2c009fdd55210b45b33d,0.7769599293,Processed
https://fgimagestorage.blob.core.windows.net/facebook-assets/hd-893173505441981,5a0d99f8d4f355988314043031d4f3cc,1.403496568,Processed
https://fgimagestorage.blob.core.windows.net/facebook-assets/hd-892383375224287,5a0d99f8d4f355988314043031d4f3cc,0.7257178908,Processed
https://fgimagestorage.blob.core.windows.net/facebook-assets/hd-891684945300160,1962a43bf9e3bb7562886fbaa75d61e1,0.4829535253,Processed
https://fgimagestorage.blob.core.windows.net/facebook-assets/hd-891661008828094,5a0d99f8d4f355988314043031d4f3cc,0.05860270498,Processed
https://fgimagestorage.blob.core.windows.net/facebook-assets/hd-891391212618023,1fdf6d3a68b57663d6941a6673519738,1.558247156,Processed
https://fgimagestorage.blob.core.windows.net/facebook-assets/hd-890166872024685,5a0d99f8d4f355988314043031d4f3cc,0.5665741603,Processed
https://fgimagestorage.blob.core.windows.net/facebook-assets/hd-890005255637433,8ce17d68c33f22c2dc0802457086914c,0.4286070326,Processed
https://fgimagestorage.blob.core.windows.net/facebook-assets/hd-889728479746704,ded577071b4a2c009fdd55210b45b33d,0.1576650695,Processed
https://fgimagestorage.blob.core.windows.net/facebook-assets/hd-889604775414234,1962a43bf9e3bb7562886fbaa75d61e1,1.421227821,Processed
https://fgimagestorage.blob.core.windows.net/facebook-assets/hd-889375178765113,1962a43bf9e3bb7562886fbaa75d61e1,1.475203966,Processed
https://fgimagestorage.blob.core.windows.net/facebook-assets/hd-888593019388197,aace4411dc28a9a202895319fdfd3cf2,1.763656321,Processed
https://fgimagestorage.blob.core.windows.net/facebook-assets/hd-888183703182855,79ad86726d1bcb3726f67e6cae890af8,1.653082489,Processed
https://fgimagestorage.blob.core.windows.net/facebook-assets/hd-888062106715252,c3ec32e0b637c0dcbbfc26ad3b77a113,0.8239457617,Processed
https://fgimagestorage.blob.core.windows.net/facebook-assets/hd-888056015719840,8ce17d68c33f22c2dc0802457086914c,0.6636135996,Processed
https://fgimagestorage.blob.core.windows.net/facebook-assets/hd-887363366529815,bee2da7e608c05171b0b130de6e22ae8,0.9498040612,Processed
https://fgimagestorage.blob.core.windows.net/facebook-assets/hd-886609482926268,359b1f5278e201674b3df2efad0d6cae,1.678869731,Processed
https://fgimagestorage.blob.core.windows.net/facebook-assets/hd-886049645973007,8ce17d68c33f22c2dc0802457086914c,1.074259104,Processed
https://fgimagestorage.blob.core.windows.net/facebook-assets/hd-885689066019680,5a0d99f8d4f355988314043031d4f3cc,1.793412268,Processed
https://fgimagestorage.blob.core.windows.net/facebook-assets/hd-885670366433640,fc7fc3371d0bd03061fbd2ce9e51e01a,0.1745328683,Processed
https://fgimagestorage.blob.core.windows.net/facebook-assets/hd-885209946993560,0d65e0c668b5bcf55bd037731392d047,0.641321235,Processed
https://fgimagestorage.blob.core.windows.net/facebook-assets/hd-883738210384679,a2faa6bb60ce03bfddc6b72691645f96,0.6832086781,Processed
https://fgimagestorage.blob.core.windows.net/facebook-assets/hd-883246492824014,8ce17d68c33f22c2dc0802457086914c,1.070312483,Processed
https://fgimagestorage.blob.core.windows.net/facebook-assets/hd-882993126248062,5a0d99f8d4f355988314043031d4f3cc,1.1823744,Processed
https://fgimagestorage.blob.core.windows.net/facebook-assets/hd-8828692983838031,8ce17d68c33f22c2dc0802457086914c,0.03803606928,Processed
https://fgimagestorage.blob.core.windows.net/facebook-assets/hd-882867522830120,5a0d99f8d4f355988314043031d4f3cc,1.453819848,Processed
https://fgimagestorage.blob.core.windows.net/facebook-assets/hd-882019143545185,7469316b18a9b9dd89ddaee85c397213,1.188541695,Processed
https://fgimagestorage.blob.core.windows.net/facebook-assets/hd-881925359723909,3fca944ed7695fdb48ec9fccd3338b93,1.518798094,Processed
https://fgimagestorage.blob.core.windows.net/facebook-assets/hd-8816515918390519,8ce17d68c33f22c2dc0802457086914c,0.309168715,Processed
https://fgimagestorage.blob.core.windows.net/facebook-assets/hd-881342303358042,53e5ce27c1a5fa8a4d07ad61cc793da4,1.452168603,Processed
https://fgimagestorage.blob.core.windows.net/facebook-assets/hd-881270063889884,79ad86726d1bcb3726f67e6cae890af8,0.9091792868,Processed
https://fgimagestorage.blob.core.windows.net/facebook-assets/hd-8806609246079208,5a0d99f8d4f355988314043031d4f3cc,0.9864087273,Processed
https://fgimagestorage.blob.core.windows.net/facebook-assets/hd-880568190186256,cb28a9c2c3b33cd4923e275c6c206dab,0.2913467482,Processed
https://fgimagestorage.blob.core.windows.net/facebook-assets/hd-880340126836307,8160ce3d92c02c1f5fd117f1f89e89f6,0.2851073145,Processed
https://fgimagestorage.blob.core.windows.net/facebook-assets/hd-8796411607036992,7fbfdcfc55a7379d76cc1e095441c4c5,0.2870987069,Processed
https://fgimagestorage.blob.core.windows.net/facebook-assets/hd-879631723735807,1937af136aaf2086bfe74aaafc9bf0eb,0.2328677557,Processed
https://fgimagestorage.blob.core.windows.net/facebook-assets/hd-879049300656635,1fdf6d3a68b57663d6941a6673519738,1.315984584,Processed
https://fgimagestorage.blob.core.windows.net/facebook-assets/hd-877975993416760,5a0d99f8d4f355988314043031d4f3cc,1.29439791,Processed
https://fgimagestorage.blob.core.windows.net/facebook-assets/hd-877662697022279,5a0d99f8d4f355988314043031d4f3cc,1.523107187,Processed
https://fgimagestorage.blob.core.windows.net/facebook-assets/hd-877511836784655,5a0d99f8d4f355988314043031d4f3cc,0.8909309488,Processed
https://fgimagestorage.blob.core.windows.net/facebook-assets/hd-877210454387561,11d9722741c8701449f95b9fd9455659,0.496262725,Processed
https://fgimagestorage.blob.core.windows.net/facebook-assets/hd-877129693575192,5a0d99f8d4f355988314043031d4f3cc,1.543600895,Processed
https://fgimagestorage.blob.core.windows.net/facebook-assets/hd-876239523982490,a9f4b2b8f056d7c8c18c9ba418cc4836,1.711040486,Processed
https://fgimagestorage.blob.core.windows.net/facebook-assets/hd-876121221160846,ff60c55fb32cf68652aae2d67bc37141,0.3732197415,Processed
https://fgimagestorage.blob.core.windows.net/facebook-assets/hd-875485623676104,5a0d99f8d4f355988314043031d4f3cc,0.2808299672,Processed
https://fgimagestorage.blob.core.windows.net/facebook-assets/hd-874864704574925,12df5e30454bace5e69ca0bd455b9071,1.221921183,Processed
https://fgimagestorage.blob.core.windows.net/facebook-assets/hd-874747697073121,5a0d99f8d4f355988314043031d4f3cc,1.573983468,Processed
https://fgimagestorage.blob.core.windows.net/facebook-assets/hd-874543520932484,53e5ce27c1a5fa8a4d07ad61cc793da4,0.6878219607,Processed
https://fgimagestorage.blob.core.windows.net/facebook-assets/hd-874190910572544,34761e6fbf9343a5c6d245832af33b52,1.117325529,Processed
https://fgimagestorage.blob.core.windows.net/facebook-assets/hd-874084244131796,8160ce3d92c02c1f5fd117f1f89e89f6,0.7183121604,Processed
https://fgimagestorage.blob.core.windows.net/facebook-assets/hd-873560550525047,5a0d99f8d4f355988314043031d4f3cc,0.03945200182,Processed
https://fgimagestorage.blob.core.windows.net/facebook-assets/hd-873317140849832,ff60c55fb32cf68652aae2d67bc37141,0.685543458,Processed
https://fgimagestorage.blob.core.windows.net/facebook-assets/hd-873043573965895,5a0d99f8d4f355988314043031d4f3cc,0.6651072001,Processed
https://fgimagestorage.blob.core.windows.net/facebook-assets/hd-872760463806517,5a0d99f8d4f355988314043031d4f3cc,0.3294920747,Processed
https://fgimagestorage.blob.core.windows.net/facebook-assets/hd-872400620956045,5a0d99f8d4f355988314043031d4f3cc,0.7902855257,Processed
https://fgimagestorage.blob.core.windows.net/facebook-assets/hd-872222594086011,5a0d99f8d4f355988314043031d4f3cc,0.3756083545,Processed
https://fgimagestorage.blob.core.windows.net/facebook-assets/hd-872188860590219,1962a43bf9e3bb7562886fbaa75d61e1,0.2241104754,Processed
https://fgimagestorage.blob.core.windows.net/facebook-assets/hd-871981848375866,411d731dec6ce539f4e5b8d9675944b2,1.557127398,Processed
https://fgimagestorage.blob.core.windows.net/facebook-assets/hd-8715627171842855,5a0d99f8d4f355988314043031d4f3cc,0.546162923,Processed
https://fgimagestorage.blob.core.windows.net/facebook-assets/hd-871286287458461,5a0d99f8d4f355988314043031d4f3cc,0.1538328553,Processed
https://fgimagestorage.blob.core.windows.net/facebook-assets/hd-871185627435460,5a0d99f8d4f355988314043031d4f3cc,1.50555305,Processed
https://fgimagestorage.blob.core.windows.net/facebook-assets/hd-871075730546911,1962a43bf9e3bb7562886fbaa75d61e1,0.4222904071,Processed
https://fgimagestorage.blob.core.windows.net/facebook-assets/hd-871037203883530,1962a43bf9e3bb7562886fbaa75d61e1,0.9800702322,Processed
https://fgimagestorage.blob.core.windows.net/facebook-assets/hd-819765763526762,359b1f5278e201674b3df2efad0d6cae,1.575773803,Processed
https://fgimagestorage.blob.core.windows.net/facebook-assets/hd-818776323774715,0d65e0c668b5bcf55bd037731392d047,0.5602371301,Processed
https://fgimagestorage.blob.core.windows.net/facebook-assets/hd-818462803696191,0d65e0c668b5bcf55bd037731392d047,1.779398531,Processed
https://fgimagestorage.blob.core.windows.net/facebook-assets/hd-817768845898837,1962a43bf9e3bb7562886fbaa75d61e1,0.6547105671,Processed
https://fgimagestorage.blob.core.windows.net/facebook-assets/hd-817763467176157,2d867e490fa10a0b32a580e74d346be0,1.67707961,Processed
https://fgimagestorage.blob.core.windows.net/facebook-assets/hd-817477363934899,bee2da7e608c05171b0b130de6e22ae8,0.201492789,Processed
https://fgimagestorage.blob.core.windows.net/facebook-assets/hd-817475239730695,5a0d99f8d4f355988314043031d4f3cc,0.04719603203,Processed
https://fgimagestorage.blob.core.windows.net/facebook-assets/hd-817135236672734,5e142a638d8175e9d4ed0000296b7cd7,0.5757625031,Processed
https://fgimagestorage.blob.core.windows.net/facebook-assets/hd-816335920524988,ccda2bfb9a9e66ed0e332cb2dab7bca7,0.7942481541,Processed
https://fgimagestorage.blob.core.windows.net/facebook-assets/hd-815391233916449,359b1f5278e201674b3df2efad0d6cae,1.012342871,Processed
https://fgimagestorage.blob.core.windows.net/facebook-assets/hd-814072014151046,586aa68677ba1b9c47727e660d037699,0.8909388326,Processed
https://fgimagestorage.blob.core.windows.net/facebook-assets/hd-813828049840959,1962a43bf9e3bb7562886fbaa75d61e1,1.702055838,Processed
https://fgimagestorage.blob.core.windows.net/facebook-assets/hd-811606650922029,2d867e490fa10a0b32a580e74d346be0,0.9712224418,Processed
https://fgimagestorage.blob.core.windows.net/facebook-assets/hd-8111507755613955,b3e666249f16cccb05e6980366e31bf2,1.010260213,Processed
https://fgimagestorage.blob.core.windows.net/facebook-assets/hd-8100667816697710,a09210bcff9810cd873f0a42fcd77fa7,1.587795662,Processed
https://fgimagestorage.blob.core.windows.net/facebook-assets/hd-809480737932683,54ba3b566701df95cee9fce1310fc79b,1.027149274,Processed
https://fgimagestorage.blob.core.windows.net/facebook-assets/hd-808321904744283,0d65e0c668b5bcf55bd037731392d047,0.5507313425,Processed
https://fgimagestorage.blob.core.windows.net/facebook-assets/hd-808097524590260,6d13b68dabd2ce2bfb88c0f80c83f0cd,1.257926393,Processed
https://fgimagestorage.blob.core.windows.net/facebook-assets/hd-807800198130528,892c0fcb6964d907b1ec5dd9ed94ef69,0.8865799329,Processed
https://fgimagestorage.blob.core.windows.net/facebook-assets/hd-806751788307038,128dccc54e9fd9696cf6551531c6a0b8,0.2524569063,Processed
https://fgimagestorage.blob.core.windows.net/facebook-assets/hd-8057957437624799,2d867e490fa10a0b32a580e74d346be0,0.444009591,Processed
https://fgimagestorage.blob.core.windows.net/facebook-assets/hd-803990118540094,b316c08840d1d767021257421c259036,1.554690764,Processed
https://fgimagestorage.blob.core.windows.net/facebook-assets/hd-803897110603133,2be76c74ff4404b851693d8adb34c42f,1.533278654,Processed
https://fgimagestorage.blob.core.windows.net/facebook-assets/hd-802443478544141,2d867e490fa10a0b32a580e74d346be0,0.6089855864,Processed
https://fgimagestorage.blob.core.windows.net/facebook-assets/hd-8008073409211713,b316c08840d1d767021257421c259036,0.04850779876,Processed
https://fgimagestorage.blob.core.windows.net/facebook-assets/hd-7995631707140182,8564909df767accf59cb4f537bdf6e4a,0.220966917,Processed
https://fgimagestorage.blob.core.windows.net/facebook-assets/hd-797179088937277,bc15ec148cf260426334328949b359ef,1.675445622,Processed
https://fgimagestorage.blob.core.windows.net/facebook-assets/hd-797024995612413,519dacedf1f6e842950d8a5ed3311b15,0.4529090132,Processed
https://fgimagestorage.blob.core.windows.net/facebook-assets/hd-796944101940903,8ce17d68c33f22c2dc0802457086914c,0.04042928906,Processed
https://fgimagestorage.blob.core.windows.net/facebook-assets/hd-793257836073148,f3b437564e4a1a6d75082ec4f0612082,0.2965935753,Processed
https://fgimagestorage.blob.core.windows.net/facebook-assets/hd-791572172961239,b316c08840d1d767021257421c259036,1.08137841,Processed
https://fgimagestorage.blob.core.windows.net/facebook-assets/hd-790055392972248,359b1f5278e201674b3df2efad0d6cae,0.2596185149,Processed
https://fgimagestorage.blob.core.windows.net/facebook-assets/hd-789793989900194,cb28a9c2c3b33cd4923e275c6c206dab,1.307407864,Processed
https://fgimagestorage.blob.core.windows.net/facebook-assets/hd-789715035654710,8ce17d68c33f22c2dc0802457086914c,0.01422543922,Processed
https://fgimagestorage.blob.core.windows.net/facebook-assets/hd-786610583313461,5a0d99f8d4f355988314043031d4f3cc,0.714099694,Processed
https://fgimagestorage.blob.core.windows.net/facebook-assets/hd-696006115320413,8ce17d68c33f22c2dc0802457086914c,1.17155434,Processed
https://fgimagestorage.blob.core.windows.net/facebook-assets/hd-695130362192250,1962a43bf9e3bb7562886fbaa75d61e1,0.3063662546,Processed
https://fgimagestorage.blob.core.windows.net/facebook-assets/hd-694675672308301,5a0d99f8d4f355988314043031d4f3cc,1.780108652,Processed
https://fgimagestorage.blob.core.windows.net/facebook-assets/hd-693988272279384,1962a43bf9e3bb7562886fbaa75d61e1,0.8855153791,Processed
https://fgimagestorage.blob.core.windows.net/facebook-assets/hd-691857912087615,1962a43bf9e3bb7562886fbaa75d61e1,1.517035472,Processed
https://fgimagestorage.blob.core.windows.net/facebook-assets/hd-691581235967071,5a0d99f8d4f355988314043031d4f3cc,0.532572684,Processed
https://fgimagestorage.blob.core.windows.net/facebook-assets/hd-691252805779835,8ce17d68c33f22c2dc0802457086914c,0.4971346572,Processed
https://fgimagestorage.blob.core.windows.net/facebook-assets/hd-690670309134450,1962a43bf9e3bb7562886fbaa75d61e1,1.382723275,Processed
https://fgimagestorage.blob.core.windows.net/facebook-assets/hd-690541956158254,5a0d99f8d4f355988314043031d4f3cc,0.3104700959,Processed
https://fgimagestorage.blob.core.windows.net/facebook-assets/hd-689771035910864,8ce17d68c33f22c2dc0802457086914c,1.168138714,Processed
https://fgimagestorage.blob.core.windows.net/facebook-assets/hd-689599909618915,5a0d99f8d4f355988314043031d4f3cc,0.4988557382,Processed
https://fgimagestorage.blob.core.windows.net/facebook-assets/hd-689363059404444,5a0d99f8d4f355988314043031d4f3cc,0.006297890202,Processed
https://fgimagestorage.blob.core.windows.net/facebook-assets/hd-688887926060399,8ce17d68c33f22c2dc0802457086914c,0.4687430966,Processed
https://fgimagestorage.blob.core.windows.net/facebook-assets/hd-687665956347322,5a0d99f8d4f355988314043031d4f3cc,1.541678083,Processed
https://fgimagestorage.blob.core.windows.net/facebook-assets/hd-687024156350870,5a0d99f8d4f355988314043031d4f3cc,0.6281832846,Processed
https://fgimagestorage.blob.core.windows.net/facebook-assets/hd-686488653080244,1962a43bf9e3bb7562886fbaa75d61e1,0.8894782274,Processed
https://fgimagestorage.blob.core.windows.net/facebook-assets/hd-686083626588321,1962a43bf9e3bb7562886fbaa75d61e1,1.534240059,Processed
https://fgimagestorage.blob.core.windows.net/facebook-assets/hd-684364333171304,5a0d99f8d4f355988314043031d4f3cc,0.175573616,Processed
https://fgimagestorage.blob.core.windows.net/facebook-assets/hd-684264882912286,8ce17d68c33f22c2dc0802457086914c,0.2907808855,Processed
https://fgimagestorage.blob.core.windows.net/facebook-assets/hd-6837957766319053,5a0d99f8d4f355988314043031d4f3cc,1.577537192,Processed
https://fgimagestorage.blob.core.windows.net/facebook-assets/hd-682791943270614,5a0d99f8d4f355988314043031d4f3cc,0.08188304132,Processed
https://fgimagestorage.blob.core.windows.net/facebook-assets/hd-682596103528135,1962a43bf9e3bb7562886fbaa75d61e1,0.3232746781,Processed
https://fgimagestorage.blob.core.windows.net/facebook-assets/hd-680549530054789,8ce17d68c33f22c2dc0802457086914c,1.64070124,Processed
https://fgimagestorage.blob.core.windows.net/facebook-assets/hd-680540137074841,5a0d99f8d4f355988314043031d4f3cc,0.9382128797,Processed
https://fgimagestorage.blob.core.windows.net/facebook-assets/hd-680162593779089,5a0d99f8d4f355988314043031d4f3cc,0.1057157908,Processed
https://fgimagestorage.blob.core.windows.net/facebook-assets/hd-679261516829908,8ce17d68c33f22c2dc0802457086914c,1.606275436,Processed
https://fgimagestorage.blob.core.windows.net/facebook-assets/hd-678133704039459,5a0d99f8d4f355988314043031d4f3cc,0.6146068612,Processed
https://fgimagestorage.blob.core.windows.net/facebook-assets/hd-676770877464110,5a0d99f8d4f355988314043031d4f3cc,1.146933036,Processed
https://fgimagestorage.blob.core.windows.net/facebook-assets/hd-6764280623620361,6db1b2f0b96a77d45983308abb1706a8,0.7299906521,Processed
https://fgimagestorage.blob.core.windows.net/facebook-assets/hd-673961584214053,5a0d99f8d4f355988314043031d4f3cc,0.04889962228,Processed
https://fgimagestorage.blob.core.windows.net/facebook-assets/hd-6720438181324436,dc488d22e2f54a186268e0975ca87650,0.3209520748,Processed
https://fgimagestorage.blob.core.windows.net/facebook-assets/hd-671839840899900,b7d86ca439ec87a4b3b357d70def5ff8,0.2446664341,Processed
https://fgimagestorage.blob.core.windows.net/facebook-assets/hd-429145826826558,694b456d22dece1425917fe505d8b123,0.5703744828,Processed
https://fgimagestorage.blob.core.windows.net/facebook-assets/hd-427878012859864,1962a43bf9e3bb7562886fbaa75d61e1,1.47874505,Processed
https://fgimagestorage.blob.core.windows.net/facebook-assets/hd-426644026275739,8ce17d68c33f22c2dc0802457086914c,0.3117940076,Processed
https://fgimagestorage.blob.core.windows.net/facebook-assets/hd-425151876539382,ffcf68afb29b69aad7d97016a1729da5,0.7015856481,Processed
https://fgimagestorage.blob.core.windows.net/facebook-assets/hd-424802420355057,b316c08840d1d767021257421c259036,1.182802982,Processed
https://fgimagestorage.blob.core.windows.net/facebook-assets/hd-424394867097391,f803ea5080b3d28de387ed37a9505336,1.111616735,Processed
https://fgimagestorage.blob.core.windows.net/facebook-assets/hd-1698824364241828,a2faa6bb60ce03bfddc6b72691645f96,0.7174387424,Processed
https://fgimagestorage.blob.core.windows.net/facebook-assets/hd-1693566687752051,20f19f614838b0a61683f42cc905f775,0.4363277689,Processed
https://fgimagestorage.blob.core.windows.net/facebook-assets/hd-1689212771862832,8160ce3d92c02c1f5fd117f1f89e89f6,0.6806789934,Processed
https://fgimagestorage.blob.core.windows.net/facebook-assets/hd-1685108828975354,586aa68677ba1b9c47727e660d037699,0.3720050479,Processed
https://fgimagestorage.blob.core.windows.net/facebook-assets/hd-1119706949586170,5290ba886b18909fb33c40e183549c1a,1.507917629,Processed
https://fgimagestorage.blob.core.windows.net/facebook-assets/hd-1119272995406354,1962a43bf9e3bb7562886fbaa75d61e1,0.03849087668,Processed
https://fgimagestorage.blob.core.windows.net/facebook-assets/hd-1118763132933218,f803ea5080b3d28de387ed37a9505336,1.37552266,Processed
